tik_id,address,YEAR,Date construction begin - היתר תכנית חתומה - שלם ראשון,MINOR,MAJOR,distance,additional_year
10210,"יפו 21, גת רימון 6, גת רימון 4",1995,01/12/1995,0,,0,
10620,"יפו 62, העליה 2",1993,22/08/1993,3,,0,
20030,הרצל 3,1977,29/05/1977,2,,-,
20150,הרצל 15,1974,19/09/1974,,0,-,
30160,"נחלת בנימין 16, רמב""ם 11",1989,12/06/1989,2,,0,
30200,"נחלת בנימין 20, רבינוביץ שפ""ר 23",1981,28/08/1995,,0,0,
30330,נחלת בנימין 33,1995,19/02/1995,1,,0,
30380,"נחלת בנימין 38, מונטיפיורי 18",1991,07/08/1991,3,,0,
30450,"מונטיפיורי 17 א, מונטיפיורי 17, נחלת בנימין 45",1981,15/01/1981,0,,2,
30690,"נחלת בנימין 71, לילינבלום 37, נחלת בנימין 69",1990,17/12/1990,2,,-,
30730,"נחלת בנימין 73, לילינבלום 42",1991,30/10/1991,5,,0,
31550,נחלת בנימין 155,1995,18/12/1995,,1,0,
40010,"הירדן 4, הירקון 47, אלנבי 1, הירדן 6, , , , , ,",1992,29/11/1992,,0,1,
40100,"הירקון 45, אלנבי 10",1987,08/12/1987,6,,0,
40160,אלנבי 16,1986,12/09/1986,7,,0,
40220,"אלנבי 22, אלנבי 24",1988,22/01/1988,4,,3,
40350,"אלנבי 35, הס 2",1978,04/11/1978,1,,-,
40630,"אלנבי 63, בלפור 2",1993,20/05/1993,1,,-,
40640,אלנבי 64,1991,12/10/1991,8,,-,
40680,אלנבי 68,1983,11/11/1983,2,,1,
40750,אלנבי 75,1993,30/11/1993,2,,0,
40800,"רמב""ם 19, אלנבי 80",1978,30/07/1978,1,,-,
40820,"רמב""ם 28, רמב""ם 26, אלנבי 82",1986,06/10/1986,0,,0,
40920,"בית השואבה 2, אלנבי 92",1991,14/05/1991,8,,0,
40940,unk,1978,,0,,,
40950,אלנבי 95,1993,14/04/1993,0,,0,
41260,"לילינבלום 50, אלנבי 126",1988,13/10/1988,0,,0,
41300,"אלנבי 130, יהודה הלוי 45",1980,05/05/1980,1,,0,
60050,יהודה הלוי 5,1992,07/11/1992,3,,-,
60180,יהודה הלוי 18,1974,31/03/1974,,0,3,
60410,יהודה הלוי 41,1981,11/03/1981,,0,2,
60430,יהודה הלוי 43,1978,02/02/1978,0,,-,
60510,יהודה הלוי 51,1989,21/09/1989,6,,2,
60600,"יהודה הלוי 60, מזא""ה 51",1992,31/05/1992,3,,0,
60610,"יהודה הלוי 61, רמח""ל 6",1986,06/08/1986,7,,-,
60630,"יהודה הלוי 65, יפה בצלאל 16, יהודה הלוי 63, רמח""ל 5",1991,13/08/1991,,0,1,
60790,"יהודה הלוי 79, יהודה הלוי 81",1977,13/01/1977,2,,0,
60870,"יהודה הלוי 87, רוטשילד 74, נחמני 32, רוטשילד 76",1993,11/02/1993,,0,2,
60900,unk,1990,,0,,,
60950,יהודה הלוי 95,1990,13/12/1990,3,,2,
60960,"יהודה הלוי 96, החשמונאים 76",1989,18/04/1989,3,,-,
61310,יהודה הלוי 131,1988,16/06/1988,7,,0,
70060,לילינבלום 6,1995,04/02/1995,,1,0,
80140,רוטשילד 14,1991,21/05/1991,8,,-,
80230,רוטשילד 23,1988,01/10/1988,2,,-,
80410,"אחד העם 50, רוטשילד 41, רוטשילד 45, אחד העם 52,",1988,02/02/1988,0,,2,
80470,רוטשילד 47,1996,21/03/1996,2,,0,
80650,"נחמני 30, רוטשילד 65",1978,30/08/1978,,0,3,
80680,"רוטשילד 68, רוטשילד 70",1994,13/04/1994,3,,1,
80780,"נחמני 33, רוטשילד 78",1993,21/09/1993,1,,0,
80831,רוטשילד 83 א,1990,08/02/1990,3,,0,
80940,"רוטשילד 94, המגיד 1",1988,10/05/1988,,0,1,
80960,רוטשילד 96,1993,29/09/1993,3,,3,
81050,רוטשילד 105,1993,30/06/1993,3,,0,
81070,רוטשילד 107,1991,30/04/1991,3,,0,
81080,unk,1985,,0,,,
81090,רוטשילד 109,1992,03/01/1992,,1,3,
81210,רוטשילד 121,1982,27/06/1982,0,,0,
81310,רוטשילד 131,1993,31/05/1993,3,,0,
90120,"הכרמל 12, יעב""ץ 2, הכרמל 14, לפין 1",1981,21/05/1981,3,1,0,
90220,"קלישר 2, הכרמל 22",1991,17/10/1991,8,,0,
90310,"הכרמל 31, רבן גמליאל 25, רבן גמליאל 27, הכרמל 29",1988,28/11/1988,2,,-,
90440,"הכרמל 44, רמב""ם 1",1979,18/11/1979,0,,2,
100050,מונטיפיורי 5,1986,13/03/1986,4,,0,
100370,"מונטיפיורי 37, מונטיפיורי 37 א",1978,13/01/1978,,2,-,
100480,"מונטיפיורי 48, יפה בצלאל 2",1993,08/10/1993,,"0,2,4",3,
110350,"אחד העם 35, יוחנן בן זכאי 12",1993,19/04/1993,,"1,2,4",0,
110430,"אחד העם 43, נחמני 26",1989,25/01/1989,1,,0,
110650,אחד העם 65,1980,02/05/1980,,0,3,
110720,אחד העם 72,1989,13/01/1989,3,,2,
110790,אחד העם 79,1990,05/09/1990,3,,1,
110820,אחד העם 82,1988,28/02/1988,,0,-,
110970,"אחד העם 97, חיים ואלישע 22",1995,07/11/1995,,1,0,
111030,אחד העם 103,1990,20/12/1990,3,,0,
111120,אחד העם 112,1994,07/06/1994,0,,2,
111440,"הבימה 2, אחד העם 144",1994,22/03/1994,3,,1,
120030,"קלישר 3, צדוק הכהן 1",1988,18/12/1988,2,,0,
120090,"התבור 30, קלישר 9",1977,05/02/1977,0,,-,
120160,קלישר 16,1991,28/07/1991,,1,3,1975
120250,קלישר 25,1991,29/08/1991,,0,2,
120280,"קלישר 30, מוהליבר 18, קלישר 28, מוהליבר 20",1989,26/10/1989,,"0,2",3,
130110,"גרוזנברג 11, מוהליבר 16, יעב""ץ 33",1985,12/06/1985,,0,0,
140080,"מזא""ה 8, יבנה 2",1995,15/05/1995,3,,0,
140230,"מזא""ה 23, מלצ'ט 6, מזא""ה 25",1988,08/04/1988,,1,1,
140460,"מזא""ה 46",1987,10/01/1987,3,,2,
140600,"מזא""ה 60",1989,02/01/1989,0,,0,
140610,unk,1991,,0,,,
140640,"מזא""ה 64",1994,14/07/1994,1,,0,
150060,"רמב""ם 6, רבינוביץ שפ""ר 5",1988,30/10/1988,2,,0,
160050,"בלפור 5 א, בלפור 5",1992,09/07/1992,,"0,2",3,
160090,בלפור 9,1990,06/12/1990,3,,0,
160160,בלפור 16,1993,22/11/1993,1,,-,
170190,ברנר 19,1987,30/04/1987,0,,-,
180330,שיינקין 33,1990,15/07/1990,3,,0,
180530,"שיינקין 53, פיארברג 20",1982,20/09/1982,1,,0,
180720,שיינקין 72,1995,05/09/1995,3,,0,
190060,מרכז בעלי מלאכה 6,1980,08/04/1980,3,,1,
190260,מרכז בעלי מלאכה 26,1987,07/09/1987,,0,2,
190321,מרכז בעלי מלאכה 32 א,1977,05/06/1977,,0,1,
190380,"מרכז בעלי מלאכה 38, מרכז בעלי מלאכה 38 א",1994,31/05/1994,,"0,2",3,
190440,"מלצ'ט 25 א, מרכז בעלי מלאכה 44",1992,17/03/1992,3,,0,
210150,"חיות פרץ 1, העבודה 15",1977,08/03/1977,,0,0,
210200,"העבודה 20, יוחנן הסנדלר 30, העבודה 22",1991,27/06/1991,0,,0,
210400,העבודה 40,1987,14/01/1987,7,,-,
230100,ביאליק 10,1991,14/03/1991,,1,0,
690140,ביאליק 20,1979,27/06/1995,,0,0,
240140,הס 14,1988,20/11/1988,3,,0,
240190,"הס 19, אידלסון 24",1995,30/08/1995,5,,0,
240210,"אידלסון 25, הס 21",1993,29/09/1993,3,,0,
250300,"שלום עליכם 16, בן יהודה 30",1993,25/03/1993,,1,2,
250350,בן יהודה 35,1995,30/08/1995,0,,0,
250420,בן יהודה 42,1991,11/11/1991,,1,1,
250711,"בן יהודה 71 א, מאפו 11",1994,22/05/1994,4,,0,
250740,"בן יהודה 74, בן יהודה 74 א",1994,09/01/1994,0,,0,
250750,בן יהודה 75,1993,09/09/1993,,0,0,
250950,בן יהודה 95,1977,03/07/1977,,0,-,
250970,בן יהודה 97,1995,13/06/1995,2,,0,
251310,"בן יהודה 133, בן יהודה 131",1994,30/11/1994,,1,2,
251360,"בן יהודה 136, וייס איזיק הירש 1",1990,15/11/1990,,1,0,
251440,בן יהודה 144,1987,20/03/1987,2,,0,
251720,"ארלוזורוב 16, בן יהודה 172",1991,27/11/1991,,1,1,
251860,בן יהודה 186,1982,21/04/1982,0,,0,
252600,בן יהודה 260,1995,20/06/1995,,1,0,
260110,"סירקין 1, בוגרשוב 11",1989,26/02/1989,1,,0,
260370,"טבריה 8, בוגרשוב 37",1994,08/07/1994,3,,-,
260490,"פינסקר 45, בוגרשוב 49",1988,28/01/1988,2,,0,
260590,"בוגרשוב 59, בר כוכבא 17",1986,17/06/1986,1,,0,
260640,"בר כוכבא 15, בר כוכבא 13, בוגרשוב 64",1995,13/09/1995,5,,0,
270101,"נחמיה 10 א, הירקון 10 א, נחמיה 12",1980,15/01/1980,1,,3,
270230,"הירקון 23, זרובבל 7",1986,04/03/1986,0,,0,
270320,"הרב קוק 12, הירקון 32",1981,17/12/1981,1,,0,
270340,"הרב קוק 9, הירקון 34",1991,26/02/1991,5,,3,
270350,הירקון 35,1987,03/08/1987,2,,0,
270391,הירקון 39 א,1989,07/10/1989,3,,-,
270690,הירקון 69,1977,25/12/1977,,0,-,
270700,הירקון 70,1989,05/03/1989,3,,0,
271150,הירקון 115,1983,03/10/1983,2,,2,
271210,הירקון 121,1996,03/12/1996,2,,2,
271480,הירקון 148,1990,21/12/1990,3,,1,
271560,"עם ישראל חי 1, הירקון 156",1991,27/03/1991,2,,0,
272040,הירקון 204,1990,09/03/1990,,1,2,
272160,הירקון 216,1985,21/08/1985,3,,0,
340810,"הר ציון 19, מטלון 81",1994,17/05/1994,1,,-,
340890,מטלון 89,1993,30/08/1993,3,,0,
410140,בני ברק 14,1995,18/10/1995,3,,0,
440030,החשמל 3,1983,13/07/1983,6,,0,
440140,"בגין מנחם 13 ד, החשמל 14",1991,03/07/1991,7,,-,
440180,"החשמל 18, מקוה ישראל 25, בגין מנחם 17, החשמל 16, , ,",1994,17/01/1994,8,,0,
440190,האור 3,1977,24/05/1977,7,,0,
450080,לבונטין 8,1996,29/07/1996,8,,1,
500030,יבנה 3,1993,07/07/1993,3,,0,
500100,יבנה 10,1988,19/07/1988,,1,-,
530030,יפה בצלאל 3,1991,18/11/1991,0,,0,
540050,בגין מנחם 5,1977,25/02/1977,,0,0,
540130,"בגין מנחם 13, בגין מנחם 13",1991,14/07/1991,0,,-,
540290,"נחמני 67, בגין מנחם 29",1988,30/03/1988,3,,0,
540470,"צקלג 2, קרליבך 1, האחים ביילסקי 6, לינקולן 47, , , ,",1987,29/07/1987,,0,2,
540640,"1274 1, בגין מנחם 64",1992,17/11/1992,2,,0,
541500,בגין מנחם 150,1995,12/12/1995,4,,0,
550030,טיומקין 3,1993,31/08/1993,3,,0,
560110,נחמני 11,1992,05/06/1992,3,,2,
560120,נחמני 12,1982,14/07/1982,7,,0,
560140,נחמני 14,1990,11/08/1990,,0,2,
560170,נחמני 17,1991,19/08/1991,3,,0,
560190,נחמני 19,1989,14/12/1989,3,,-,
560470,נחמני 47,1990,03/05/1990,3,,2,
560490,"נחמני 49, נחמני 51",1992,18/03/1992,1,,0,
580050,נטר קרל 5,1993,23/06/1993,5,,-,
600030,יוחנן הסנדלר 3,1991,28/01/1991,1,,0,
600060,יוחנן הסנדלר 6,1989,09/03/1989,3,,0,
600120,יוחנן הסנדלר 12,1989,19/09/1989,,"0,2",3,
610030,יוסף הנשיא 3,1986,04/06/1986,,1,1,
610110,יוסף הנשיא 11,1987,30/09/1987,,0,2,
620090,אליוט ג'ורג' 9,1978,18/07/1978,0,,2,
620130,אליוט ג'ורג' 13,1989,01/03/1989,3,,1,
620160,אליוט ג'ורג' 16,1990,13/02/1990,3,,3,
650120,פיארברג 12,1981,04/01/1981,,0,2,
650260,פיארברג 26,1977,29/08/1977,0,,-,
650270,פיארברג 27,1985,14/05/1985,2,,2,
670080,"ביל""ו 8",1987,09/06/1987,,0,0,
670170,"ביל""ו 17",1992,25/05/1992,4,,3,
670400,"ביל""ו 40, החשמונאים 68",1979,28/03/1979,,0,1,
680030,לונץ 3,1988,02/11/1988,1,,0,
680070,לונץ 7,1981,13/05/1981,5,,0,
690050,החשמונאים 5,1989,29/08/1989,3,,0,
690140,"החשמונאים 14, חיות פרץ 13, החשמונאים 14 א",1991,30/11/1987,,0,3,
690220,החשמונאים 22,1985,06/03/1985,,1,0,
690260,החשמונאים 26,1983,03/01/1983,1,,3,
690530,החשמונאים 53,1993,18/08/1993,3,,0,
690810,"החשמונאים 81, קרית ספר 16, קרית ספר 14",1993,06/01/1993,,1,1,
690840,"החשמונאים 84, קרליבך 31",1996,08/07/1996,,1,0,
700140,כרמיה 14,1986,16/01/1986,,0,2,
750170,"בורוכוב 17, בורוכוב 21 א, מלצ'ט 54, בורוכוב 21",1988,17/05/1988,,0,1,
760240,חיות פרץ 24,1980,08/06/1980,,0,1,
760301,חיות פרץ 30 א,1993,21/09/1993,,0,-,
760310,"מיכ""ל 15, חיות פרץ 31",1992,26/02/1992,,"0,2",0,
770050,"מיכ""ל 5",1993,31/03/1993,,1,2,
770210,"מיכ""ל 21",1995,24/12/1995,,"0,2",2,
790080,רבנו תם 8,1979,23/05/1979,,0,1,
800250,"רש""י 25, רש""י 27",1992,12/03/1992,,0,2,
800570,"רש""י 57",1986,15/05/1986,,0,2,
830010,"ברנשטיין כהן 1, פינסקר 24",1986,01/02/1986,,0,1,
840201,טרומפלדור 20 א,1994,12/04/1994,2,,0,
840240,טרומפלדור 24,1994,28/08/1994,1,,0,
840360,"פינסקר 27, טרומפלדור 36",1990,05/03/1990,,"0,2",2,
840380,"טרומפלדור 38, פינסקר 26",1994,29/11/1994,,0,0,
840410,"טשרניחובסקי 37, טרומפלדור 41",1979,25/12/1979,2,,1,
850080,בר כוכבא 8,1990,12/09/1990,3,,0,
850670,בר כוכבא 67,1985,31/01/1985,2,,0,
860050,בוקי בן יגלי 5,1987,05/03/1987,,0,2,
860060,בוקי בן יגלי 6,1980,06/06/1980,,0,0,
870100,המליץ 10,1992,17/06/1992,,"0,2",0,
880060,פינסקר 6,1993,14/03/1993,3,,0,
920080,חובבי ציון 8,1978,27/02/1978,,0,-,
920160,חובבי ציון 16,1989,29/10/1989,2,,0,
920430,"חובבי ציון 43, חובבי ציון 43 א",1978,20/04/1978,1,,-,
930250,שלום עליכם 25,1984,29/02/1984,1,,0,
930270,שלום עליכם 27,1985,10/04/1985,0,,0,
930330,שלום עליכם 33,1991,14/04/1991,1,,0,
930370,שלום עליכם 37,1978,04/11/1978,,"0,2",0,
930390,שלום עליכם 39,1995,20/03/1995,0,,1,
930421,"שלום עליכם 42, שלום עליכם 42 א",1990,22/01/1990,7,,0,
930530,שלום עליכם 53,1987,23/01/1987,0,,1,
930560,שלום עליכם 56,1981,27/01/1981,,0,1,
940030,סירקין 3,1987,22/04/1987,1,,-,
940110,סירקין 11,1978,18/04/1978,1,,2,
940140,סירקין 14,1988,17/10/1988,,0,0,
940170,סירקין 17,1991,24/02/1991,,"0,2",0,
940210,סירקין 21,1980,26/11/1980,1,,2,
960120,פרישמן 12,1990,29/06/1990,4,,3,
960140,פרישמן 14,1993,29/07/1993,,0,3,
960200,פרישמן 20,1982,29/03/1982,,0,1,
960310,"פרישמן 31, מאפו 28, הוז דב 7, הוז דב 9, ,",1991,14/07/1991,3,,0,
960340,"הוז דב 8, פרישמן 34",1987,19/10/1987,6,,0,
960360,פרישמן 36,1995,22/11/1995,2,,0,
970270,"מאפו 27, הוז דב 15",1990,05/03/1990,,1,0,
980120,"סמולנסקין 12, סמולנסקין 14",1993,27/06/1993,,1,0,
990040,גורדון יהודה ליב 4,1991,15/01/1991,,"0,2",1,
990070,גורדון יהודה ליב 7,1992,12/01/1992,,1,0,
990110,גורדון יהודה ליב 11,1989,28/12/1989,3,,0,
990150,"גורדון יהודה ליב 15, רופין 18",1993,25/10/1993,5,,0,
990330,גורדון יהודה ליב 33,1986,10/02/1986,0,,0,
990350,גורדון יהודה ליב 35,1989,25/07/1989,2,,0,
990470,גורדון יהודה ליב 47,1979,22/03/1979,4,,-,
1000141,רופין 14 א,1988,27/12/1988,1,,-,
1000350,רופין 35,1980,04/03/1980,,1,2,
1000400,רופין 40,1977,26/10/1977,1,,-,
1010040,הכרם 4,1991,14/11/1991,1,,0,
1040010,"ארנון 1, ארנון 3",1982,24/02/1982,2,,1,
1040060,ארנון 6,1977,23/07/1977,1,,-,
1040150,ארנון 15,1992,30/12/1992,1,,0,
1080080,נס ציונה 8,1979,15/06/1979,0,,-,
1110220,"יונה הנביא 22, יונה הנביא 20, יונה הנביא 20 א",1990,29/11/1990,2,,0,
1110370,יונה הנביא 37,1991,12/05/1991,,1,2,
1120010,"הרברט סמואל 50, גאולה 1",1991,08/08/1991,,0,3,
1120040,גאולה 4,1978,21/11/1978,2,,1,
1120130,גאולה 13,1987,01/05/1987,,0,2,
1120160,גאולה 16,1992,15/06/1992,3,,0,
1130030,הרב קוק 3,1987,23/10/1987,,"0,2",1,
1130180,הרב קוק 18,1991,31/07/1991,,"0,2",1,
1130280,הרב קוק 28,1986,19/01/1986,2,,0,
1130360,הרב קוק 36,1993,09/01/1993,0,,0,
1130380,הרב קוק 38,1991,21/04/1991,2,,2,
1130390,"האר""י 7",1995,08/10/1995,,"0,2",0,
1150140,זרובבל 14,1994,16/11/1994,,"0,2",3,
1150160,"זרובבל 16 א, זרובבל 16, זרובבל 16, זרובבל 14 א",1981,14/04/1981,0,,2,
1160090,עזרא הסופר 9,1978,20/04/1978,,0,2,
1170130,נחמיה 13,1993,13/06/1993,,0,1,
1170140,נחמיה 14,1990,29/11/1990,,0,2,
1220060,"רבן גמליאל 6, האר""י 10",1986,06/05/1986,2,,0,
1220230,רבן גמליאל 23,1989,06/12/1989,6,,-,
1230160,"נחליאל 35 א, רבי מאיר 16, נחליאל 37",1995,26/11/1995,0,,0,
1230230,"רבי מאיר 25, גדרה 4, גדרה 6, גדרה 2,",1980,17/08/1980,0,,0,
1230260,"קאפח יחיה 36, קאפח יחיה 34, רבי מאיר 30, רבי מאיר 26,",1982,26/05/1982,2,,0,
1240180,"האר""י 18",1981,28/05/1981,0,,0,
1250030,"רבי מאיר 9, אלשיך 3, אלשיך 1",1988,02/03/1988,2,,0,
1260040,בית יוסף 4,1979,11/12/1979,1,,-,
1280030,"גדרה 3 א, גדרה 3",1990,13/09/1990,,1,0,
1280240,גדרה 24,1985,17/06/1985,1,,0,
1300080,"רבינוביץ שפ""ר 8",1978,09/04/1978,,0,0,
1310200,"התבור 20, יעב""ץ 18",1986,03/01/1986,,1,-,
1340051,אלחנן יצחק 5 א,1993,15/03/1993,6,,0,
1340270,"השחר 27, השחר 6, אלחנן יצחק 27",1990,03/01/1990,2,,0,
1360030,יבנאל 3,1989,30/11/1989,,"0,2",0,
1360220,"יבנאל 22, רבי יהודה חסיד 1",1977,23/10/1977,2,,0,
1370020,"כנרת 2 א, כנרת 2, מטולה 12",1987,06/12/1987,1,,0,
1370050,כנרת 5,1989,25/06/1989,2,,0,
1390210,"דגניה 19 א, דגניה 21",1996,14/11/1996,2,,0,
1390340,דגניה 34,1994,09/12/1994,0,,0,
1400190,"החרמון 19, פינס 12",1992,30/08/1992,1,,3,
1400220,החרמון 22,1992,11/02/1992,,0,3,
1400490,"החרמון 51, החרמון 49",1988,01/12/1988,2,,0,
1410020,"פינס 2, מטולה 10",1993,18/10/1993,2,,0,
1410220,פינס 22,1991,10/06/1991,,0,2,
1410280,"פינס 28, שרעבי 19, בוסתנאי 26, פינס 30",1993,28/02/1993,,1,2,
1450170,"שבזי 17, שלוש 15",1987,20/08/1987,,0,2,
1450180,שבזי 18,1986,09/03/1986,,0,2,
1450550,"שבזי 55, שבזי 7",1988,03/01/1988,2,,-,
1480060,מולכו שלמה 6,1991,22/02/1991,7,,1,
1500060,מטולה 6,1994,26/12/1994,0,,0,
1510210,"נוה שלום 12, אחווה 21, אלרואי 9",1993,18/08/1993,5,,0,
1510220,"בוסתנאי 3, אחווה 22, אלרואי 6, בוסתנאי 1, ,",1991,10/03/1991,,0,3,
1520280,"שלוש 28, יחיאלי 9",1986,08/12/1986,,1,0,
1520410,"שלוש 41, אילת 59",1978,30/03/1978,7,,0,
1540060,"חברת ש""ס 6",1988,20/03/1988,2,,-,
1540080,"חברת ש""ס 8",1988,01/11/1988,2,,0,
1620120,אמזלג 12,1993,11/11/1993,2,,0,
1630210,"שטיין 20, נוה צדק 39, שטיין 22, רוקח שמעון 21",1993,28/09/1993,,"1,2",3,
1640090,"כפר סבא 6, שטיין 9, כפר סבא 4",1986,04/10/1986,2,,1,
1640330,"שטיין 31, שטיין 33, כפר סבא 30, שטיין 33,",1984,17/08/1984,,1,0,
1670070,"אלרואי 10 א, בוסתנאי 7, בוסתנאי 9, אלרואי 10",1983,05/12/1983,,"0,2",1,
1690140,נוה שלום 14,1986,04/06/1986,,0,1,
1730330,הקישון 33,1995,01/11/1995,0,,0,
1750070,המשביר 7,1995,14/12/1995,3,,0,
1820040,"דה פיג'וטו 8, דה פיג'וטו 4, דה פיג'וטו 10, דה פיג'וטו 12, , , ,",1988,30/11/1988,0,,0,
1860060,ורבורג 6,1981,09/02/1981,1,,0,
1860090,"בן ציון 28, ורבורג 9",1989,18/05/1989,3,,0,
1870950,דיזנגוף 95,1996,03/03/1996,2,,1,
1871110,דיזנגוף 111,1990,18/03/1990,2,,1,
1871400,דיזנגוף 140,1984,19/07/1984,0,,0,
1872060,"ארלוזורוב 30, דיזנגוף 206",1994,21/06/1994,8,,0,
1872180,"דיזנגוף 218, התניא 2",1996,05/08/1996,,"1,2",2,
1890220,זמנהוף 22,1984,30/07/1984,0,,0,
1900180,יהושע בן נון 18,1991,03/10/1991,3,,0,
1900190,"יהושע בן נון 19, יהושע בן נון 21",1988,09/09/1988,0,,0,
1910360,"שלמה המלך 36, שלמה המלך 36 א",1995,06/12/1995,1,,2,
1910490,שלמה המלך 49,1989,12/06/1989,,1,0,
1930430,"ארלוזורוב 43, ארבע ארצות 1",1992,15/09/1992,1,,0,
1930660,"אד""ם הכהן 26, ארלוזורוב 66",1978,27/08/1978,3,,0,
1930820,ארלוזורוב 82,1992,17/08/1992,3,,0,
1930880,"ארלוזורוב 88, בן עזרא 21",1979,24/07/1979,3,,2,
1931110,"ארלוזורוב 111, תש""ח 2, ארלוזורוב 105, תש""ח 4,",1976,05/06/1976,,0,1,
1931410,ארלוזורוב 141,1990,16/05/1990,1,,1,
1931520,ארלוזורוב 152,1988,08/07/1988,1,,0,
1931540,ארלוזורוב 154,1981,30/10/1981,1,,2,
1931660,ארלוזורוב 166,1982,16/12/1982,,0,3,
1931960,"ארלוזורוב 196, דפנה 37",1991,07/03/1991,1,,-,
1940540,ז'בוטינסקי 54,1990,23/01/1990,3,,-,
1940600,"ז'בוטינסקי 60, וורמיזה 13, ז'בוטינסקי 64, ז'בוטינסקי 62, , ,",1990,28/06/1990,7,,3,
1940870,"ז'בוטינסקי 87, מוסנזון בן-ציון דר' 2",1989,01/08/1989,3,,-,
1941120,ז'בוטינסקי 112,1995,13/07/1995,7,,0,
1941160,"שרת משה 21, ז'בוטינסקי 116",1994,12/06/1994,3,,0,
1941380,"ז'בוטינסקי 138 א, ז'בוטינסקי 138, הלסינקי 25, ז'בוטינסקי 140",1990,14/02/1990,3,,0,
1960250,סוקולוב 25,1989,23/11/1989,1,,0,
1990090,ירמיהו 9,1995,20/11/1995,1,,-,
2040030,בן גוריון 3,1977,30/01/1977,0,,-,
2040190,בן גוריון 19,1991,06/05/1991,1,,0,
2040460,בן גוריון 46,1985,24/12/1985,,0,2,
2040520,בן גוריון 52,1980,25/11/1980,0,,0,
2040860,"גור אריה 1, בן גוריון 86",1978,09/08/1978,0,,0,
2390060,"קלונימוס 15, עזריה מן האדומים 6",1987,09/08/1987,2,,0,
2500110,זלטופולסקי 11,1978,13/03/1978,0,,0,
2510030,הלפרין 3,1986,29/08/1986,,0,1,
2540030,"פראג 1, וילנא 3",1993,22/02/1993,,"0,1",2,
2550110,פראג 11,1980,24/09/1980,3,,-,
2560030,פרנקפורט 3,1993,17/05/1993,0,,-,
2580100,"מהר""ל 10",1993,07/07/1993,3,,3,
2580220,"חת""ם סופר 1, מהר""ל 22",1977,20/10/1977,1,,1,
2580230,"מהר""ל 23",1980,08/05/1980,,0,1,
2590070,"חת""ם סופר 7",1986,21/12/1986,1,,0,
2590090,"חת""ם סופר 9",1981,11/04/1981,,0,3,
2590110,"חת""ם סופר 11",1992,28/05/1992,0,,-,
2600060,לוי יצחק 6,1991,03/07/1991,,0,1,
2610220,ארבע ארצות 22,1994,10/09/1994,,"0,2",0,
2650200,אמסטרדם 20,1995,27/06/1995,7,,0,
2660060,עמנואל הרומי 6,1990,06/05/1990,1,,0,
2660110,"עמנואל הרומי 11, קלונימוס 8",1983,01/04/1983,0,,1,
2670050,"אבן גבירול 109, בחור אליהו 5",1989,06/11/1989,1,,-,
2690030,"הפרדס 3, הפרדס 5, בן עזרא 6, הפרדס 7",1990,01/01/1990,,0,1,
2700020,"בן עזרא 2, שמואל הנגיד 5",1989,25/06/1989,3,,0,
2710120,הקליר 12,1994,17/04/1994,0,,0,
2710200,הקליר 20,1990,07/08/1990,3,,0,
2710260,"הקליר 26, אלחריזי 6",1990,14/10/1990,5,,0,
2710270,"הקליר 27, אלחריזי 4",1995,02/08/1995,5,,0,
2740080,שמואל הנגיד 8,1993,03/10/1993,0,,-,
2770050,ליברמן 5,1997,28/12/1997,3,,0,
2770090,ליברמן 9,1989,29/11/1989,3,,0,
2790040,"אד""ם הכהן 4",1989,17/10/1989,3,,-,
2790100,"אד""ם הכהן 10",1981,31/08/1981,3,,0,
2800050,מצדה 5,1995,09/07/1995,0,,0,
2810040,באר טוביה 4,1986,05/08/1986,,0,3,
2810110,באר טוביה 11,1979,30/03/1979,,1,1,
2810200,באר טוביה 20,1989,27/12/1989,2,,0,
2810220,באר טוביה 22,1990,10/02/1990,5,,-,
2810240,באר טוביה 24,1995,27/07/1995,2,,0,
2820190,"יודפת 3, גוש חלב 19",1991,31/01/1991,0,,-,
2820260,"חולדה 2, גוש חלב 26",1989,26/02/1989,0,,0,
2860080,גרץ 8,1989,31/07/1989,0,,0,
2870210,"רנ""ק 21",1994,31/05/1994,,"0,2",1,
2910030,"לסל 3, אהרון דוד גורדון 1",1988,28/04/1988,,0,1,
2910220,לסל 22,1981,12/11/1981,,0,2,
2920060,אהרון דוד גורדון 6,1984,22/02/1984,,0,1,
2930010,"נתן החכם 5, ביירון 1",1995,22/08/1995,0,,0,
2940180,ז'ורס ז'אן 18,1982,09/08/1982,0,,1,
2950030,קורולנקו 3,1991,31/07/1991,0,,0,
2950050,"קורולנקו 5, זולא אמיל 15",1977,09/09/1977,,0,0,
2960090,זולא אמיל 9,1982,06/10/1982,,0,1,
2960220,זולא אמיל 22,1990,17/10/1990,,1,0,
2970120,"הוז דב 35, נתן החכם 12",1987,16/06/1987,,1,0,
2970160,נתן החכם 16,1991,31/01/1991,3,,-,
3040180,יום טוב 18,1984,26/07/1984,2,,0,
3040240,"מל""ן 44, יום טוב 24",1987,09/10/1987,,1,1,
3130040,פרוג 4,1990,03/05/1990,,0,2,
3130120,פרוג 12,1994,17/10/1994,2,,0,
3140030,"של""ג 3",1989,02/01/1989,,0,2,
3140050,"של""ג 5",1988,27/06/1988,,0,1,
3140110,"של""ג 11",1979,05/06/1979,,"0,2",-,
3170020,"דרויאנוב 7, גליקסון 2",1995,15/02/1995,3,,-,
3170060,גליקסון 6,1989,12/06/1989,2,,0,
3170110,"גליקסון 11, אהרונוביץ 10",1995,28/03/1995,1,,0,
3180050,אהרונוביץ 5,1977,08/03/1977,0,,-,
3220030,גנסין 3,1990,14/08/1990,3,,2,
3230460,ריינס 46,1981,02/05/1981,1,,0,
3280050,שטנד 5,1980,13/06/1980,2,,0,
3300020,"מאנה 2, מסריק 10",1995,21/08/1995,0,,0,
3300120,מאנה 12,1978,07/10/1978,0,,0,
3370170,"ח""ן 17",1986,17/03/1986,3,,3,
3370320,"ח""ן 32",1978,07/06/1978,1,,-,
3420120,לוין שמריהו 12,1983,20/09/1983,,0,1,
3450160,ספיר אליהו 16,1995,08/09/1995,3,,0,
3480120,חיסין 12,1981,01/07/1981,,0,0,
3500080,בן ציון 8,1993,09/07/1993,5,,0,
3500110,בן ציון 11,1982,09/06/1982,,0,0,
3530090,"עין חרוד 11, עין חרוד 9",1979,26/08/1979,,"0,2",3,
3590040,חיים ואלישע 4,1989,09/07/1989,3,,0,
3610321,"מלצ'ט 32, לאן א' 4, מלצ'ט 32 א",1990,15/11/1990,2,,0,
3680210,"נחליאל 31, מל""ן 21",1986,02/02/1986,2,,0,
3710090,התבור 9,1990,28/01/1990,,1,0,
3710120,התבור 12,1979,01/09/1979,,0,2,
3730070,עצמון 7,1993,12/07/1993,0,,0,
3740010,הרכבת 1,1993,07/08/1993,4,,1,
3780080,unk,1996,,,0,,
3780090,ישכון 9,1990,18/03/1990,1,,0,
3780110,ישכון 11,1981,22/02/1981,0,,0,
3780310,ישכון 31,1992,17/11/1992,3,,1,
3960090,"קהילת עדן 10, חבשוש חיים 9",1987,29/10/1987,2,,0,
3960140,חבשוש חיים 14,1989,17/12/1989,2,,-,
3960160,"כנפי נשרים 7, חבשוש חיים 16",1986,01/10/1986,2,,0,
3970140,חזנוביץ 14,1995,28/11/1995,,1,0,
4000780,"הר ציון 78, הר ציון 17",1989,04/02/1989,3,,0,
4000870,"ידעיה הפניני 6, הר ציון 87",1985,22/09/1985,7,,0,
4020060,אליקום 6,1992,06/02/1992,7,,0,
4020250,"אליקום 25, חזקיהו המלך 12, אליקום 27, חזקיהו המלך 10",1987,14/10/1987,2,,-,
4020290,אליקום 29,1991,28/03/1991,,0,1,
4060061,המלך ג'ורג' 6 א,1995,27/12/1995,,1,0,
4060560,המלך ג'ורג' 56,1982,06/08/1982,3,,0,
4090180,לבנדה 18,1986,04/08/1986,7,,1,
4100250,הכובשים 25,1996,10/06/1996,,"0,2",0,
4100780,הכובשים 78,1986,07/09/1986,,3,0,
4130190,"נוה צדק 19, נוה צדק 2, נוה צדק 1, נוה צדק 17, ,",1993,18/01/1993,2,,1,
4140710,"שלמה 71, בנבנישתי 17",1995,28/06/1995,,"0,2",2,
4140740,"שלמה 74, שוקן זלמן 1",1984,02/08/1984,2,,0,
4141340,"מסילת ישרים 103, שלמה 134",1987,01/04/1987,1,,3,
4141350,שלמה 135,1977,23/08/1977,2,,0,
4200030,"מסילה ב' 3 א, מסילה ב' 3",1978,14/05/1978,1,,0,
4300190,"נחליאל 35, אלישיב 19",1989,30/11/1989,2,,0,
4310011,נחליאל 1 א,1978,01/08/1978,7,,1,
4380060,סעדיה גאון 6,1995,01/11/1995,,1,1,
4450090,קפלן אליעזר 9,1995,09/10/1995,3,,0,
4510030,"הנשיאים 10, הרב גורן שלמה 5, הנשיאים 12, הרב גורן שלמה 3",1991,26/03/1991,,0,1,
4520040,נוה צדק 4,1994,01/09/1994,,1,0,
4580010,"ויצמן 7, זיו רבקה 1, דוד המלך 38, דוד המלך 40",1982,18/07/1982,,"1,3",-,
4580020,"זיו רבקה 2, בריינין ראובן 4, צייטלין 33, זיו רבקה 4, , , , , ,",1976,07/02/1976,0,,2,
4580030,זיו רבקה 3,1993,05/03/1993,,1,3,
4601220,"סרלין יוסף 23, ההגנה 122, דיין משה 50, סרלין יוסף 25, , , , ,",1990,27/03/1990,,1,3,
4601320,"ההגנה 132, סרלין יוסף 33, ההגנה 134, סרלין יוסף 35, , , ,",1989,23/03/1989,,1,0,
4601420,"אלנקווה 53, ההגנה 142, אלנקווה 55, ההגנה 144, , , ,",1995,12/11/1995,,1,1,
4601800,"הטייסים 40, מעפילי אגוז 118, מעפילי אגוז 116, הטייסים 42, ,",1980,10/05/1980,1,,1,
4620080,צייטלין 8,1993,25/08/1993,3,,0,
4620250,צייטלין 25,1990,03/08/1990,3,,0,
4720150,"ויצמן 17, ויצמן 15",1980,22/10/1980,0,,1,
4720350,ויצמן 35,1980,05/04/1980,3,,3,
4720500,"ויצמן 50, שרת משה 47",1992,11/08/1992,3,,2,
4720550,ויצמן 55,1994,21/04/1994,3,,0,
4720870,"בלקינד 1, ויצמן 75, בלקינד 3, חנקין 12",1979,21/08/1979,,1,1,
4780020,"פנקס דוד צבי 2, אבן גבירול 164",1994,24/10/1994,8,,0,
4780280,"רמז דוד 39, פנקס דוד צבי 28",1981,17/02/1981,3,,0,
4780350,"פנקס דוד צבי 35, שטריקר 2",1989,29/05/1989,3,,0,
4780420,"פנקס דוד צבי 42, פנקס דוד צבי 44",1996,16/01/1996,0,,0,
4780690,"זטורי משה 9, פנקס דוד צבי 69",1977,21/06/1978,,1,0,
4780760,"פנקס דוד צבי 76, נמיר מרדכי 87",1986,16/02/1986,,1,3,
4810070,דוד המלך 7,1979,04/02/1979,1,,1,
4810160,"דובנוב 32, דוד המלך 16",1983,26/05/1983,,0,0,
4810220,דוד המלך 22,1996,19/04/1996,8,,-,
4810240,דוד המלך 24,1991,08/12/1991,5,,2,
4810260,דוד המלך 26,1990,29/07/1990,3,,2,
4810280,דוד המלך 28,1992,16/08/1992,3,,0,
4860090,מוסנזון בן-ציון דר' 9,1980,15/05/1980,3,,2,
4860190,מוסנזון בן-ציון דר' 19,1990,18/10/1990,0,,0,
4870090,"שור משה פרופ' 9, אפשטיין יצחק 15, שור משה פרופ' 11, פנקס דוד צבי 10,",1996,07/07/1996,3,,0,
4880220,ילין דוד 22,1992,09/09/1992,,"0,2",2,
4910310,שלומציון המלכה 31,1991,31/01/1991,5,,0,
4910410,שלומציון המלכה 41,1983,15/08/1983,,0,2,
4910470,שלומציון המלכה 47,1976,04/02/1976,,0,1,
4910610,שלומציון המלכה 61,1987,19/11/1987,,1,0,
4910730,שלומציון המלכה 73,1993,30/11/1993,1,,0,
4930020,unk,1991,,,0,,
4930070,בובליק 7,1984,14/05/1984,,0,2,
4940180,שטריקר 18,1983,02/01/1983,,0,3,
4940270,שטריקר 27,1980,25/12/1980,,"0,2",1,
4960400,אבן גבירול 40,1995,19/07/1995,8,,0,
4960710,"הדסה 8, אבן גבירול 71, הדסה 4, הדסה 6,",1984,31/07/1984,,0,3,
4961800,"אבן גבירול 180, מרים החשמונאית 15",1985,10/08/1985,4,,0,
4962120,"אבן גבירול 212, עגנון ש""י 2",1996,05/09/1996,,0,0,
5010050,בודנהיימר 5,1987,28/10/1987,1,,-,
5010230,בודנהיימר 23,1990,01/03/1990,,0,1,
5010260,בודנהיימר 26,1996,28/04/1996,0,,0,
5010280,בודנהיימר 28,1990,29/07/1990,,0,3,
5010330,"בודנהיימר 33, בודנהיימר 35",1987,30/03/1987,0,,-,
5010450,בודנהיימר 45,1995,23/10/1995,0,,0,
5020210,"מתתיהו כהן גדול 2, יהודה המכבי 21",1996,14/04/1996,0,,0,
5020250,יהודה המכבי 25,1983,13/02/1983,,0,3,
5020660,"צירלסון 17, יהודה המכבי 66",1988,20/04/1988,8,,0,
5020810,"יהודה המכבי 81, פרידמן 35, יהודה המכבי 83",1988,10/09/1988,2,,2,
5050120,הלסינקי 12,1997,09/03/1997,5,,2,
5070020,"הרצוג 15, סנהדרין 2, הרצוג 17, בבלי 29",1982,02/02/1982,,0,3,
5070050,"אונקלוס 17, סנהדרין 5",1988,15/03/1988,,0,3,
5080200,דה האז 20,1992,26/06/1992,0,,-,
5080240,"דה האז 24, מרשל לואי 16",1981,14/01/1981,3,,1,
5090080,"וילסון 13, לינקולן 8",1992,23/01/1992,3,,0,
5090140,לינקולן 14,1990,11/03/1990,5,,-,
5100310,מרשל לואי 31,1981,05/05/1981,0,,0,
5130100,יהודית 10,1990,13/12/1990,,"0,2",3,
5150060,"גרשון שץ גגה 4, גרשון שץ גגה 6, הנצי""ב 6, ב""ק ישראל 20",1995,15/06/1995,,0,0,
5190350,"הנצי""ב 37, הנצי""ב 35",1995,25/06/1995,,1,0,
5230030,הציונות 3,1984,04/01/1984,,0,0,
5230050,הציונות 5,1986,09/08/1986,0,,0,
5230160,"1279 4, אהבת ציון 26 ב, 1279 26, הציונות 16",1986,16/07/1986,,0,3,
5230180,"אהבת ציון 24, אהבת ציון 24 א, הציונות 18",1987,19/10/1987,,0,1,
5230220,"אהבת ציון 20, הציונות 22",1995,13/04/1995,0,,0,
5230240,"הציונות 24, אהבת ציון 18",1978,15/09/1978,0,,2,
5230260,"הציונות 26, הציונות 28, הציונות 30, הציונות 30 א, , , ,",1984,03/12/1984,,0,3,
5240070,פייבל 7,1989,29/03/1989,0,,0,
5240080,פייבל 8,1994,05/01/1994,3,,0,
5240190,פייבל 19,1994,18/10/1994,3,,0,
5250020,"נמיר מרדכי 37, קליי 2",1987,05/05/1987,,0,1,
5250040,"קליי 4, נמיר מרדכי 39",1977,10/10/1977,1,,1,
5250060,"קליי 6, נמיר מרדכי 41",1994,28/04/1994,0,,0,
5250130,"קליי 13, ליסין 24",1992,06/02/1992,0,,0,
5250150,"ליסין 31, קליי 15, קליי 17",1980,26/03/1980,0,,0,
5270050,ליסין 5,1994,09/04/1994,1,,0,
5300100,זלוציסטי 10,1984,10/03/1984,0,,0,
5410110,"רמברנדט 11, ליליאן 2",1990,22/11/1990,5,,0,
5410240,"סוטין 1, רמברנדט 24",1994,07/11/1994,5,,0,
5430190,"בן סרוק 19, בן סרוק 23",1977,15/05/1977,,0,1,
5440450,בלוך דוד 45,1993,14/12/1993,5,,0,
5480050,ליליאן 5,1995,09/05/1995,5,,0,
5510030,"זטורי משה 3, נמיר מרדכי 95",1978,12/11/1978,0,,1,
5510050,"נמיר מרדכי 93, זטורי משה 5",1976,24/05/1976,,0,1,
5520100,"רב צעיר 12, שלזינגר 1, רב צעיר 10",1994,21/04/1994,5,,1,
5520140,"רב צעיר 14, רב צעיר 16",1994,12/05/1994,5,,0,
5530110,הילדסהיימר 11,1980,30/01/1980,0,,0,
5530380,הילדסהיימר 38,1991,18/06/1991,8,,0,
5530420,"הילדסהיימר 40, הילדסהיימר 42",1979,23/05/1979,,0,2,
5530430,"ניסנבוים 7, הילדסהיימר 43",1979,15/06/1979,0,,3,
5540080,ועידת קטוביץ 8,1991,19/09/1991,0,,1,
5540280,ועידת קטוביץ 28,1978,20/09/1978,0,,0,
5540370,ועידת קטוביץ 37,1978,12/01/1978,,0,1,
5540380,ועידת קטוביץ 38,1993,06/03/1993,0,,0,
5540390,ועידת קטוביץ 39,1979,28/06/1979,0,,0,
5540450,"ועידת קטוביץ 45, ניסנבוים 12",1981,25/03/1981,0,,1,
5550440,"פרידמן 44, רילף יצחק 6",1995,24/07/1995,1,,0,
5590040,בירנבוים 4,1987,10/06/1987,7,,0,
5590061,"בירנבוים 6, בירנבוים 6 א",1996,28/03/1996,4,,-,
5610340,עמיאל 34,1985,16/04/1985,0,,0,
5650070,"חנקין 7, חנקין 9, כהנשטם 14",1987,30/09/1987,0,,0,
5660180,"שרת משה 18, תש""ח 12",1994,19/01/1994,5,,2,
5660390,שרת משה 39,1992,03/03/1992,8,,-,
5660500,שרת משה 50,1987,26/08/1987,0,,0,
5660510,שרת משה 51,1989,15/09/1989,,"0,2",-,
5660530,"סמילנסקי 2, שרת משה 53",1977,11/02/1977,,0,0,
5660590,"עקיבא אריה 59, עקיבא אריה 5, שרת משה 59",1989,17/07/1989,0,,2,
5660620,"שרת משה 62, עקיבא אריה 3",1987,08/12/1987,5,,0,
5660790,"שרת משה 79, אהבת ציון 30, שרת משה 81",1995,30/03/1995,0,,0,
5660810,"אהבת ציון 30, שרת משה 81",1985,02/05/1985,0,,-,
5660840,שרת משה 84,1983,16/06/1983,0,,0,
5670160,הא באייר 16,1990,16/05/1990,8,,0,
5670320,הא באייר 32,1991,29/05/1991,,0,1,
5670400,הא באייר 40,1979,19/06/1979,1,,0,
5670620,הא באייר 62,1979,14/03/1979,4,,2,
5670640,הא באייר 64,1989,04/03/1989,2,,0,
5670660,"הא באייר 66, ליפסקי לואי 2",1978,12/12/1978,,0,3,
5670720,הא באייר 72,1983,07/01/1983,3,,-,
5690070,"עקיבא אריה 7, סמילנסקי 8",1982,20/04/1982,0,,1,
5690140,"סמילנסקי 9, עקיבא אריה 14",1984,20/03/1984,0,,0,
5690150,"חיותמן 8, עקיבא אריה 15",1988,04/12/1988,7,,-,
5690210,"עקיבא אריה 21, השופט נופך 1",1986,27/01/1986,,0,0,
5720100,חדרה 10,1990,01/03/1990,3,,2,
5820160,מתתיהו כהן גדול 16,1995,27/06/1995,0,,0,
5840030,"הזוהר 3 א, הזוהר 3",1992,18/08/1992,,0,2,
5840140,הזוהר 14,1992,11/08/1992,0,,0,
5840370,הזוהר 37,1990,04/05/1990,,0,2,
5940040,"ויסוצקי 4, נמיר מרדכי 67",1991,15/05/1991,3,,-,
5940070,"אהבת ציון 21, ויסוצקי 7",1977,08/12/1977,,0,1,
5940160,"נמיר מרדכי 79, ויסוצקי 16",1993,20/12/1993,0,,0,
5980140,"המשנה 14, זמר חנה 11, שטינמן אליעזר 12",1993,26/09/1993,,0,2,
5980150,"המשנה 15, שטינמן אליעזר 15, שטינמן אליעזר 7",1991,24/11/1991,0,,3,
5990180,"ירושלמי 18, הרב ניסים 25",1985,24/10/1985,2,,2,
6000080,בבלי 8,1982,19/06/1994,,0,2,
6000090,בבלי 9,1995,27/06/1995,0,,0,
6000100,בבלי 10,1980,03/04/1980,,0,1,
6000170,בבלי 17,1995,13/08/1995,3,,0,
6000310,בבלי 31,1982,02/02/1982,,0,1,
6090140,בן סירא 14,1997,19/02/1997,0,,1,
6100150,אונקלוס 15,1993,06/02/1993,0,,0,
6230030,בריינין ראובן 3,1989,19/11/1989,5,,0,
6441640,אלון יגאל 164,1982,28/09/1982,,0,3,
6580030,"שפרינצק 3, שפרינצק 3 ב",1990,21/10/1990,4,,2,
6710110,בארי 11,1988,22/09/1988,3,,1,
6710270,בארי 27,1989,21/09/1989,,2,-,
6720170,נהרדעא 17,1985,11/01/1985,0,,0,
6730100,"סולד הנרייטה 10, התאנה 1",1984,14/06/1984,2,,1,
6730240,"סולד הנרייטה 24, התמר 2",1988,08/11/1988,0,,0,
6770050,"פישמן מימון 5, פישמן מימון 7, פישמן מימון 5, פישמן מימון 9,",1977,12/08/1977,,0,1,
6780120,לסר אורי 12,1977,29/12/1977,,0,3,
6790070,בצלאל 7,1990,09/06/1990,3,,0,
7040200,ערבי נחל 20,1995,11/12/1995,,0,1,
7090040,"מנורת המאור 5, עין זיתים 4",1995,27/09/1995,,"0,2",2,
7300520,"הרקפת 57, השלום 52",1995,11/12/1995,0,,0,
7310270,"יפרח 28, הגבורה 27, הגבורה 27 א, יפרח 28 א",1995,07/08/1995,0,,0,
7440580,"הטייסים 58, מעפילי אגוז 90",1984,15/11/1984,,1,2,
7440840,"מעפילי אגוז 46, הטייסים 84, מעפילי אגוז 46 ב",1994,27/11/1994,,1,1,
7440960,"הטייסים 96, אליעז רפאל 2, מח""ל 91, הטייסים 98",1992,28/05/1992,,0,3,
7520120,התמר 12,1990,10/03/1990,0,,0,
7530170,הרימון 17,1992,25/05/1992,0,,0,
7530180,הרימון 18,1993,29/11/1993,,"0,2",2,
7540080,הגפן 8,1978,21/11/1978,,0,0,
7540090,הגפן 9,1991,03/05/1991,2,,0,
7540130,הגפן 13,1986,31/07/1986,0,,1,
7550030,הזית 3,1978,30/03/1978,,1,0,
7550080,הזית 8,1992,17/02/1992,0,,3,
7570160,"דפנה 16, נמיר מרדכי 5",1994,21/03/1994,1,,0,
7580181,דיין משה 18 א,1982,19/08/1982,,0,0,
7580240,דיין משה 24,1991,10/07/1991,8,,0,
7580262,"דיין משה 26, דיין משה 26 ב",1978,04/06/1978,,0,0,
7580263,"דיין משה 26, דיין משה 26 ג, מקראי קדש 11, דיין משה 24 ג, ,",1975,12/03/1975,,0,3,
7580370,"אריאל 8, דיין משה 37",1981,01/04/1981,,1,0,
7580420,"דיין משה 42, סרלין יוסף 8",1988,30/08/1988,,1,1,
7870110,לסקוב חיים 11,1989,24/09/1989,,1,-,
7880230,"שאול המלך 19, דה וינצ'י לאונרדו 26, ברקוביץ 7, שאול המלך 21, , ,",1989,22/06/1989,4,,3,
8000850,נמיר מרדכי 85,1976,16/02/1986,,1,0,
8001080,נמיר מרדכי 108,1979,09/05/1979,,0,2,
8001160,נמיר מרדכי 116,1993,05/03/1993,0,,0,
8001590,"נמיר מרדכי 159, בורלא יהודה 2 ב",1978,11/01/1978,,0,0,
8050290,"רובין ראובן 2, שלונסקי אברהם 29",1992,31/08/1992,,0,3,
8060800,"מבצע קדש 80, יד המעביר 28",1995,13/12/1995,0,,0,
8070610,משמר הירדן 61,1977,19/10/1977,,0,2,
8080280,רומנו מרדכי 28,1995,06/11/1995,7,,0,
8290450,פתחיה מרגנשבורג 45,1995,30/11/1995,8,,0,
8380530,אשכנזי 53,1995,21/09/1995,5,,0,
8420260,"צה""ל 26, ויסבורג חיים 29",1980,24/01/1980,,0,1,
8420430,"צה""ל 43",1990,25/11/1990,1,,0,
8420670,"צה""ל 67",1990,03/04/1990,0,,0,
8420720,"צה""ל 72",1979,03/12/1979,,1,1,
8420790,"צה""ל 79, בת חן 1",1993,07/09/1993,4,,0,
8470240,קהילת אודסה 24,1982,23/03/1982,,"1,3",3,
8570050,"פומרוק יוסף 20, מויאל אהרון 5",1979,08/05/1979,,0,1,
8570080,מויאל אהרון 8,1976,24/12/1976,,0,1,
8570140,מויאל אהרון 14,1986,11/10/1986,,0,3,
8580020,"פומרוק יוסף 7, טולקובסקי 2, דבורה הנביאה 7",1982,26/05/1982,,0,1,
8580050,"טולקובסקי 5, טולקובסקי 5 א, טולקובסקי 7 א, טולקובסקי 7, ,",1977,12/05/1977,,0,3,
8580060,"טולקובסקי 6, טולקובסקי 4",1986,11/09/1986,,0,2,
8580110,טולקובסקי 11,1985,15/10/1985,,0,0,
8580180,טולקובסקי 18,1995,08/09/1995,0,,-,
8580210,"טולקובסקי 21 א, טולקובסקי 21",1975,19/12/1975,,0,1,
8600010,"דבורה הנביאה 21, שוהם מתתיהו 1",1993,13/04/1993,,0,2,
8600070,"שוהם מתתיהו 7, פרידלנד צבי 2",1994,21/05/1994,0,,1,
8600160,שוהם מתתיהו 16,1981,02/02/1981,,0,0,
8600200,שוהם מתתיהו 20,1981,01/01/1981,,0,1,
8600220,שוהם מתתיהו 22,1980,06/03/1980,,0,0,
8600230,שוהם מתתיהו 23,1990,20/10/1990,,0,2,
8600250,שוהם מתתיהו 25,1995,11/04/1992,,0,1,1986
8610060,גילת 6,1979,27/03/1979,,0,0,
8640010,"גרופית 1, ויסבורג חיים 15",1978,16/03/1978,,0,0,
8640040,"גרופית 4, ויסבורג חיים 17, גרופית 2",1991,18/08/1991,4,,0,
8650060,"פומרוק יוסף 6, ויסבורג חיים 3, ויסבורג חיים 3 א",1989,09/05/1989,,0,2,
8650170,פומרוק יוסף 17,1981,10/04/1981,,0,1,
8650190,פומרוק יוסף 19,1982,14/03/1982,,0,0,
8660050,"ויסבורג חיים 16, פרידלנד צבי 5",1991,20/06/1991,2,,0,
8700010,"סנה משה 2, דבורה הנביאה 1",1984,01/11/1984,,0,0,
8700391,"דבורה הנביאה 39 א, שינדלר אוסקר 12",1996,09/01/1996,,0,0,
8750120,רביבים 12,1981,20/04/1981,,0,1,
8830110,המצביאים 11,1995,04/11/1995,,0,1,
8830170,המצביאים 17,1992,13/12/1992,,1,2,
8830370,המצביאים 37,1980,27/10/1980,,"0,2",0,
8830430,המצביאים 43,1993,30/11/1993,0,,0,
8850180,יהונתן 18,1981,09/10/1981,,1,1,
8850370,יהונתן 37,1980,12/04/1980,0,,0,
8850380,יהונתן 38,1978,22/03/1978,1,,0,
8860220,שמגר 22,1977,03/07/1977,0,,0,
8870030,בת יפתח 3,1977,23/03/1977,0,,0,
8870170,בת יפתח 17,1987,07/07/1987,,0,2,
8870190,בת יפתח 19,1983,20/09/1983,0,,1,
8880220,ברק 22,1990,11/12/1990,,"0,2",0,
8880310,ברק 31,1978,30/11/1978,,1,3,
8880370,ברק 37,1994,12/07/1994,1,,0,
8900300,אבנר 30,1995,29/06/1995,,"0,2",2,
8900340,אבנר 34,1986,11/02/1986,,1,0,
8910030,אהוד 3,1978,17/07/1978,2,,0,
8910250,אהוד 25,1987,23/04/1987,0,,3,
8910260,אהוד 26,1980,06/10/1980,1,,0,
8960070,סביון 7,1985,27/03/1985,,0,0,
8970210,יואב 21,1988,18/08/1988,,0,1,
8970250,יואב 25,1991,10/03/1994,,0,0,
8990160,עשהאל 16,1991,11/10/1991,0,,0,
8990220,עשהאל 22,1991,21/05/1991,0,,1,
9000480,בניהו 48,1983,10/06/1983,,0,2,
9010250,הפרסה 25,1986,22/05/1986,,0,1,
9010360,"הפרסה 36, פילדלפיה 11",1977,13/01/1977,,0,0,
9080120,רבדים 12,1995,06/12/1995,,"0,2",0,
9190110,"רוזוב 11, עולי הגרדום 18, עולי הגרדום 20",1994,22/02/1994,,1,1,
9190120,רוזוב 12,1995,31/12/1995,,1,0,
9240080,לויטה 8,1995,30/07/1995,7,,0,
9300470,"אינשטיין 47, אינשטיין 49, אינשטיין 51, אינשטיין 53,",1995,13/11/1995,,1,0,
9370080,ויסבורג חיים 8,1978,16/02/1978,0,,2,
9370100,ויסבורג חיים 10,1977,07/08/1977,,0,0,
9370280,"השחקנים 1 ב, ויסבורג חיים 28",1986,03/04/1986,,0,0,
9370340,ויסבורג חיים 34,1987,09/08/1987,,0,2,
9440100,רקנאטי ליאון 10,1978,11/06/1978,,0,2,
9440120,רקנאטי ליאון 12,1979,18/03/1979,,0,0,
9440140,"רקנאטי ליאון 14, אחימאיר אבא 24",1980,25/02/1980,,0,0,
9560190,"קרן קיימת לישראל 44, גור (מוטה) מרדכי 19",1995,20/07/1995,2,,0,
9560510,"גור (מוטה) מרדכי 51, קרן קיימת לישראל 74",1995,16/08/1995,7,,3,
9720030,"יוסף האפרתי 3, חופשי דוד 4",1995,14/11/1995,,1,1,
9780290,"עיר שמש 29, סנה משה 54, סנה משה 52, עיר שמש 27",1976,11/04/1976,2,,1,
9780420,עיר שמש 42,1986,08/01/1986,0,,0,
9780440,עיר שמש 44,1983,26/12/1983,,0,3,
9780460,עיר שמש 46,1979,17/07/1979,,0,1,
9780510,עיר שמש 51,1987,18/06/1987,,0,1,
9780550,עיר שמש 55,1977,09/06/1977,,0,3,
9850220,"ברודצקי 22, ברודצקי 24",1995,21/06/1995,2,,0,
10140030,באכר זאב 3,1980,30/01/1980,,0,0,
10140220,באכר זאב 22,1995,04/12/1995,,0,0,
10410040,"גוטלובר 4, גוטלובר 4 א",1995,27/08/1995,,1,1,
10840380,"איתיאל 38, איתיאל 40",1995,21/08/1995,0,,0,
10920020,חיותמן 2,1995,31/08/1995,,"0,2",2,
10920160,"חיותמן 16, חיותמן 18",1983,04/12/1983,1,,0,
10930040,דנין יחזקאל 4,1989,22/03/1989,0,,0,
10930160,דנין יחזקאל 16,1990,21/08/1990,,1,0,
10940030,סמילנסקי 3,1987,19/11/1987,,0,2,
10940050,סמילנסקי 5,1989,25/05/1989,,"0,2",0,
10940130,סמילנסקי 13,1986,14/02/1986,0,,0,
10940160,סמילנסקי 16,1993,22/11/1993,3,,2,
10950060,אהבת ציון 6,1993,05/02/1993,,"1,2",1,
10950260,"אהבת ציון 26, 1279 2, אהבת ציון 26 א",1979,11/06/1979,,0,2,
10950260,"אהבת ציון 26, 1279 2, אהבת ציון 26 א",1979,11/06/1979,2,,2,
10950281,"אהבת ציון 28 ב, 1279 3 א, אהבת ציון 28 ג, 1279 3,",1976,11/12/1976,,0,1,
11170010,"רמז דוד 38, כהנשטם 1",1992,30/09/1992,8,,-,
11170120,"ליפסקי לואי 16, כהנשטם 12",1983,14/06/1983,0,,0,
11610090,רמז דוד 9,1983,02/02/1983,,0,0,
11610240,רמז דוד 24,1994,12/07/1994,1,,0,
11610290,רמז דוד 29,1994,19/05/1994,0,,0,
11620070,"שאול המלך 19, דה וינצ'י לאונרדו 26, ברקוביץ 7, שאול המלך 21, , ,",1991,27/08/1991,4,,1,
11630200,"שטינמן אליעזר 20, זמר חנה 19",1995,31/07/1995,,0,3,
11900070,ליפסקי לואי 7,1995,25/01/1995,5,,0,
11900080,ליפסקי לואי 8,1981,17/06/1981,0,,0,
12240050,עוזיאל 5,1980,08/07/1980,1,,2,
12570020,"קרן קיימת לישראל 2, רבינא 3",1982,31/03/1982,0,,0,
12570150,"קרן קיימת לישראל 15, בית צורי אליהו 8, קרן קיימת לישראל 17, בית צורי אליהו 10, ,",1978,02/06/1978,,0,3,
12571370,קרן קיימת לישראל 137,1995,23/10/1995,,1,0,
12690060,פעמוני יוסף 6,1986,15/10/1986,,0,3,
12850070,1285 7,1992,05/06/1992,8,,-,
13142300,"אוניברסיטת ת""א 230",1980,18/08/1980,,0,0,
13142760,"אוניברסיטת ת""א 276",1986,19/03/1986,,0,0,
20010070,ענתות 7,1992,28/04/1992,,0,2,
20010080,ענתות 8,1993,18/03/1993,,0,1,
20010170,ענתות 17,1989,15/02/1989,,0,0,
20010230,ענתות 23,1988,20/05/1988,,0,2,
20010250,ענתות 25,1990,05/10/1990,,0,2,
20010260,ענתות 26,1987,04/07/1988,,0,3,
20040020,"בינט מאיר 2, סנה משה 53",1982,04/02/1982,3,,0,
20040180,בינט מאיר 18,1989,07/04/1989,,1,1,
20040260,בינט מאיר 26,1979,04/03/1979,,0,3,
20050090,מנחם לילי 9,1990,02/08/1990,2,,0,
20140250,שמעוני דוד 25,1995,14/11/1995,5,,-,
20210120,קרית שאול 12,1993,31/10/1993,1,,0,
20290130,"אח""י דקר 2, בית אל 13, בית אל 15, בית אל 17, ,",1990,08/02/1990,,1,1,
20320040,"אח""י דקר 4",1987,13/04/1987,,1,-,
20320080,"אח""י דקר 8",1988,26/02/1988,,1,0,
20320200,"אח""י דקר 20",1996,30/04/1996,0,,0,
20330080,"רמה 8, אלמגור 4",1987,01/12/1987,,1,0,
20400160,2040 16,1985,27/10/1985,8,,1,
20510040,רוקח ישראל 4,1992,13/07/1992,4,,1,
20510210,"רוקח ישראל 21, יערי מאיר 2",1994,06/05/1994,,0,0,
20510230,"יערי מאיר 4, רוקח ישראל 23",1990,22/02/1990,,0,0,
20720020,"אדירים 2, אדירים 4, אדירים 6, אדירים 8, ,",1980,03/06/1980,1,,1,
20720270,אדירים 27,1978,09/01/1985,,0,1,
20720330,אדירים 33,1978,13/04/1978,,0,0,
20720370,אדירים 37,1984,03/07/1984,,0,0,
20740220,"הצנחנים 22, הצנחנים 24, הצנחנים 26, הצנחנים 28, ,",1981,12/09/1981,,1,3,
20740300,"הדף היומי 2, הצנחנים 30",1991,06/12/1991,,0,0,
21060340,"אשכול לוי 34, אשכול לוי 36",1989,30/04/1989,,0,3,
21060380,אשכול לוי 38,1989,17/01/1989,4,,-,
21060400,אשכול לוי 40,1984,03/01/1984,,0,2,
21060420,אשכול לוי 42,1989,26/01/1989,,0,2,
21060660,"בורלא יהודה 39 ב, אשכול לוי 66",1980,28/12/1980,,0,3,
21061080,אשכול לוי 108,1993,15/04/1993,,0,3,
21140110,"אפטר יעקב 11, אפטר יעקב 11 א, אפטר יעקב 9, אפטר יעקב 11",1987,06/04/1987,,0,3,
21160070,בורלא יהודה 7,1995,05/08/1995,0,,-,
21160080,"נמיר מרדכי 165, בורלא יהודה 8",1997,06/07/1997,5,,3,
21160120,"נמיר מרדכי 169, בורלא יהודה 12",1989,01/08/1989,0,,0,
21160280,"בורלא יהודה 28, נמיר מרדכי 185",1977,15/08/1977,2,,0,
21160300,"נמיר מרדכי 187, בורלא יהודה 30",1974,11/08/1974,,0,3,
21160370,בורלא יהודה 37,1988,02/07/1988,0,,0,
21160380,"נמיר מרדכי 195, בורלא יהודה 38",1978,03/01/1978,,0,0,
21160400,"בורלא יהודה 40, נמיר מרדכי 197",1977,13/06/1977,,0,0,
21160420,"בורלא יהודה 42, נמיר מרדכי 199",1995,06/07/1995,0,,0,
21160480,"בורלא יהודה 48, אינשטיין 30, נמיר מרדכי 203",1981,23/03/1981,,0,3,
21160500,"אינשטיין 28, בורלא יהודה 50",1977,23/01/1977,,0,0,
21170050,גלילי ישראל 5,1991,14/04/1991,,0,2,
21170060,גלילי ישראל 6,1991,09/12/1991,,0,3,
21170080,גלילי ישראל 8,1989,02/12/1989,,0,3,
21170100,גלילי ישראל 10,1989,25/05/1989,,0,3,
21170120,"קובנר אבא 14, גלילי ישראל 12",1986,25/06/1986,,0,0,1995
21410160,"בן יוסף שלמה 16, אחימאיר אבא 2, בן יוסף שלמה 18",1983,10/10/1983,,1,2,
21410260,בן יוסף שלמה 26,1983,25/02/1983,,0,2,
21410270,בן יוסף שלמה 27,1981,11/02/1981,,0,3,
21520470,"כיסופים 28, טבנקין יצחק 47",1995,05/07/1995,,0,0,
21900850,פיינשטיין מאיר 85,1995,08/08/1995,,0,2,
21970020,"וייס יעקב 2, חכים אליהו 6",1983,15/06/1983,,0,1,
22040080,ברון עקיבא 8,1983,26/08/1983,,0,0,
22050090,"ברזאני משה 9, ברזאני משה 11",1980,26/01/1980,,4,0,
22150090,"גרינברג אורי צבי 9, גרינברג אורי צבי 7",1986,08/07/1986,,0,3,
22150110,"גרינברג אורי צבי 13, גרינברג אורי צבי 11",1987,15/09/1987,,0,3,
22150150,"גרינברג אורי צבי 17, גרינברג אורי צבי 15",1990,06/07/1994,,0,0,
22150190,"גרינברג אורי צבי 21, גרינברג אורי צבי 19",1988,24/03/1988,,0,0,
22180040,סנה משה 4,1978,06/01/1978,,0,3,
22180120,סנה משה 12,1982,12/12/1982,,0,1,
22180160,סנה משה 16,1977,22/12/1977,,0,1,
22180280,"סנה משה 28, סנה משה 28 א",1982,30/09/1982,,0,1,
22180620,סנה משה 62,1989,02/07/1989,7,,2,
22230010,"גרינברג אורי צבי 1, אביגור 1, אביגור 3, גרינברג אורי צבי 3",1987,29/07/1987,,0,3,
22370280,"אלון יגאל 123, גינוסר 1, גינוסר 3, מוזס יהודה ונח 26, ,",1995,05/09/1995,8,,0,
30000020,"ירושלים 53, ירושלים 57, ירושלים 49, ירושלים 55, ,",1990,30/01/1990,,0,3,
30000080,בן צבי 8,1978,30/06/1978,,2,-,
30000340,בן צבי 34,1990,12/09/1990,2,,0,
30000460,"בן צבי 42, בן צבי 46",1987,13/01/1987,0,,1,
30000930,"בן צבי 93, משגב עם 6",1995,30/11/1995,0,,0,
30010590,"ירושלים 63, יהודה הימית 7, ירושלים 61",1977,20/01/1977,2,,0,
30011050,"למרטין 34, הלה טוני 1, ירושלים 105",1980,29/07/1980,3,,0,
30011170,"ירושלים 117, מיצקביץ אדם 2",1994,02/02/1994,7,,-,
30011190,"אנדרוס 1, ירושלים 119",1981,06/03/1981,,0,1,
30011250,"רוזנבלט צבי 2, ירושלים 125",1992,13/05/1992,2,,-,
30011270,"ירושלים 127, וכטנגוב 1",1986,08/06/1986,0,,-,
30011970,"ירושלים 197, רובינשטין יצחק 3, מחרוזת 3, מחרוזת 1,",1990,30/07/1990,,1,3,
30012110,"ירושלים 211 א, ירושלים 211, קהילת קנדה 12",1992,01/06/1992,0,,1,
30012190,"ירושלים 219 א, ירושלים 219, קהילת קנדה 20",1980,14/12/1980,,1,0,
30030290,המרד 29,1976,17/12/1976,,0,0,
30030320,"איל""ן 27, המרד 32",1992,27/10/1992,7,,-,
30030340,"תרצ""ו 21, דון-יחייא שבתי 2, תרצ""ו 19, המרד 34",1994,21/07/1994,,"0,2",0,
30590410,"עזה 22, מיכאל אנג'לו 41, מיכאל אנג'לו 43",1991,18/11/1991,2,,1,
30590430,"עזה 22, מיכאל אנג'לו 41, מיכאל אנג'לו 43",1990,15/05/1990,0,,0,
30670040,ויקטור הוגו 4,1995,20/09/1995,1,,1,
30720150,"נס לגויים 15, נס לגויים 15 א",1988,10/04/1988,1,,0,
30720210,נס לגויים 21,1987,11/04/1987,2,,0,
30730380,למרטין 38,1991,21/10/1991,2,,0,
31850240,בית פלט 24,1995,29/08/1995,7,,0,
32170040,אנדרוס 4,1987,30/10/1987,0,,0,
32170090,"אנדרוס 9, חסידי האומות 2, מיצקביץ אדם 8, אנדרוס 11,",1990,08/01/1990,0,,0,
32230110,"נחמן מברסלב 11, הסבא משפולה 4 ב",1994,23/06/1994,,"1,2,3",0,
32270120,באר שבע 12,1983,20/01/1983,0,,1,
32310150,"דב ממזריץ 15, ישראל מריז'ין 1",1995,29/06/1995,7,,0,
32420200,עזה 20,1979,23/04/1979,1,,0,
32440340,חבר הלאומים 34,1983,10/10/1983,0,,0,
32480290,שרירא גאון 29,1979,20/11/1979,1,,0,
32490100,"בכורי ציון 10, עדולם 10",1987,11/06/1987,0,,0,
32500240,בכורי ציון 24,1987,26/03/1987,2,,0,
33110690,"שוקן זלמן 36, שוקן זלמן 34, שוקן זלמן 32, הפטיש 12,",1978,10/08/1978,,0,0,
33110710,"שוקן זלמן 27, קבוץ גלויות 71",1977,08/11/1977,,0,2,
33110791,קבוץ גלויות 79 א,1995,22/08/1995,,0,-,
33110810,קבוץ גלויות 81,1993,08/10/1993,7,,0,
33110830,קבוץ גלויות 83,1988,08/02/1988,7,,0,
33111090,"קבוץ גלויות 109, לסקר 10",1980,28/08/1980,1,,1,
33111150,"לסקר 16, קבוץ גלויות 115",1987,15/02/1987,2,,0,
33111510,חיל השריון 50,1978,13/03/1978,2,,1,
33670270,"אליפלט 27, אילת 35",1994,13/02/1994,0,,0,
34100140,"חריף אייזיק 32, סוקרטס 14, אטאטורק כמאל מוצטפה 19",1988,18/01/1988,,0,2,
34880990,גולדמן נחום 99,1979,18/12/1979,,0,0,
34890060,קויפמן יחזקאל 6,1980,16/09/1980,0,,0,
34910050,נחל הבשור 5,1995,21/12/1995,,0,0,
35010150,גולומב 15,1979,07/03/1979,1,,1,
35010170,גולומב 17,1980,09/02/1980,0,,0,
35010190,גולומב 19,1995,20/07/1995,,1,0,
35010250,גולומב 25,1995,09/12/1995,7,,1,
35010400,"גולומב 40, גולומב 42, חיל השריון 93, חיל השריון 97, , , , , ,",1989,29/11/1989,,"0,2",2,
35020390,חובות הלבבות 39,1983,10/02/1983,7,,-,
35030320,"הראב""ע 32, הראב""ע 34",1994,26/04/1994,2,,0,
35040040,"מסילת ישרים 4, מסילת ישרים 6",1977,18/03/1977,0,,0,
35040880,מסילת ישרים 88,1977,06/05/1977,0,,0,
35040990,מסילת ישרים 99,1991,02/12/1991,7,,0,
35050190,מקור חיים 19,1983,27/11/1983,,"1,2",0,
35060110,בעל העקידה 11,1982,20/08/1982,,0,1,
35110010,"חזקיהו המלך 1, ראשית חכמה 14, חזקיהו המלך 3",1986,13/01/1986,,0,0,
35110370,חזקיהו המלך 37,1981,09/04/1981,7,,0,
35110390,חזקיהו המלך 39,1990,09/06/1990,7,,0,
35140110,"בר יוחאי 11, שוקן זלמן 12",1977,08/12/1977,,0,0,
35150030,ראשית חכמה 3,1995,14/11/1995,1,,0,
35160080,חכמי ישראל 8,1981,08/11/1981,0,,0,
35160900,חכמי ישראל 90,1986,13/09/1982,,0,0,
35180030,"עובד 3, עובד 5",1978,02/09/1978,1,,1,
35180200,עובד 20,1978,13/12/1978,1,,0,
35180300,"עובד 26, עובד 30",1995,20/07/1995,8,,0,
35230040,הרותם 4,1985,09/08/1985,,0,0,
35280140,טורי זהב 14,1991,14/05/1991,0,,0,
35280160,"טורי זהב 16, ישראל מסלנט 41",1990,16/07/1990,0,,0,
35290120,קרשקש חסדאי 12,1990,13/09/1990,,0,1,
35300050,"מימון שלמה 22, חכמי לובלין 5",1982,01/05/1982,7,,1,
35300160,"מהרש""א 2, חכמי לובלין 16",1977,20/10/1977,1,,0,
35350290,"ישראל מסלנט 29, שח""ל 12",1978,30/10/1978,1,,0,
35390100,"שוקן זלמן 22, העמל 10",1987,20/12/1987,,1,1,
35400080,"הפטיש 6, הפטיש 8",1987,20/08/1987,1,,0,
35430040,שערי תשובה 4,1987,01/01/1987,2,,0,
35430160,"שוקן זלמן 5, שערי תשובה 16",1988,31/07/1988,,0,1,
35480110,הר ציון 11,1982,05/12/1982,1,,0,
35500320,מאור הגולה 32,1991,23/07/1991,7,,0,
35510580,חכמי אתונה 58,1993,31/03/1993,0,,0,
35510600,חכמי אתונה 60,1977,06/07/1977,0,,0,
35510660,חכמי אתונה 66,1981,31/08/1981,0,,2,
35590190,אוריאל אקוסטה 19,1995,30/11/1995,,"0,2",0,
35690510,ישיבת וולוז'ין 51,1992,03/05/1992,2,,0,
35720070,לסקר 7,1978,23/06/1978,1,,0,
35720130,לסקר 13,1977,08/01/1977,1,,2,
35720170,לסקר 17,1986,03/06/1986,7,,0,
35730170,"שיפר 17, שיפר 17 א",1989,12/06/1989,3,,-,
35750070,"בלבן מאיר 2, מימון שלמה 7",1977,15/02/1977,1,,1,
35760130,בלבן מאיר 13,1990,25/07/1990,0,,2,
35770060,"מהרש""א 6",1980,01/06/1980,0,,0,
35780040,בית חדש 4,1993,23/12/1993,0,,0,
35780050,בית חדש 5,1981,30/04/1981,0,,0,
35830140,"כוכבי יצחק 1, האסיף 14, האסיף 20, האסיף 16, ,",1991,07/10/1991,,1,0,
35840060,השילוח 6,1983,07/06/1983,0,,0,
35840120,השילוח 12,1980,24/03/1980,0,,1,
35880020,"שטינברג 2, כרם חמד 4",1980,26/02/1980,0,,0,
35890050,כרם חמד 5,1978,21/11/1978,1,,0,
35890070,כרם חמד 7,1980,02/10/1980,0,,1,
35890080,כרם חמד 8,1987,01/06/1987,0,,0,
35890140,כרם חמד 14,1979,06/11/1979,1,,0,
35890160,כרם חמד 16,1990,21/05/1990,0,,0,
36000270,"שילר שלמה 14, גורי ישראל 27",1983,16/08/1983,,0,3,
36370060,גוז'יקוב 6,1995,06/11/1995,1,,0,
36711110,"בר-לב חיים 115, בר-לב חיים 117, בר-לב חיים 113, מקראי קדש 2, , ,",1978,28/09/1978,,0,0,
36711130,"בר-לב חיים 115, בר-לב חיים 117, בר-לב חיים 113, מקראי קדש 2, , ,",1978,26/11/1978,,0,2,
36711270,"בר-לב חיים 127, בר-לב חיים 127 א",1991,06/04/1991,7,,3,
37040420,"שז""ר זלמן 42",1977,20/12/1977,,0,3,
37050100,"אירוס 10, אירוס 12, אירוס 14",1992,09/08/1992,0,,-,
37070200,"שקד 20, שיק ארתור 2, גרינבוים 40",1991,29/01/1991,0,,0,
37080240,"הלר חיים 24, רובינשטין יצחק 51, רובינשטין יצחק 53, הלר חיים 26",1993,19/10/1993,,1,0,
37090150,"גרוסמן מאיר 15, קורקידי 12",1993,11/09/1993,0,,0,
37090200,"גרינבוים 35, ארבר מנחם 1",1995,22/08/1995,0,,0,
37090250,"גרינבוים 37, גרוסמן מאיר 25",1982,25/06/1982,,1,0,
37090420,אהלי יעקב 9,1981,17/09/1981,,0,1,
37150010,"מחרוזת 6, קהילת קנדה 1",1986,25/02/1986,,1,-,
37150150,קהילת קנדה 15,1990,23/07/1990,,1,0,
37150370,קהילת קנדה 37,1990,25/03/1990,,1,0,
37240170,צונץ 17,1983,23/11/1983,,0,3,
37610160,מעון 16,1995,01/11/1995,2,,0,
37660051,חיננית 5 א,1989,12/05/1989,,0,-,
37700140,"מחרוזת 14, מחרוזת 16",1991,30/06/1991,,1,0,
37750280,"סומקן 28, סומקן 30",1992,22/09/1992,0,,0,
37920080,"נתיב המזלות 12, נתיב המזלות 8, העליה השניה 24",1995,22/10/1995,2,,0,
37950010,"מזל דלי 1, מזל טלה 6",1979,21/05/1979,,"0,2",-,
38080020,"שנקר אריה 2, המרד 23",1983,16/08/1983,,0,1,
38240080,"טוכולסקי קורט 8, טוכולסקי קורט 10, אטאטורק כמאל מוצטפה 16",1995,17/12/1995,,1,0,
38250040,"קרוא ברוך 4, מייזל זלמן 18",1995,03/12/1995,,1,1,
38290260,שוקן זלמן 26,1990,06/04/1990,,0,0,
38290280,שוקן זלמן 28,1979,01/03/1979,,0,0,
38300140,"ארבר מנחם 14, 3831 1, ארבר מנחם 16",1977,20/03/1977,,0,0,
38300190,"גרינבוים 17, ארבר מנחם 19",1978,07/03/1978,,0,0,
38300290,"ארבר מנחם 29, ארבר מנחם 31, ארבר מנחם 33, ארבר מנחם 35,",1978,07/03/1978,,0,0,
40470260,"4843 35, לח""י 35, תשבי 26, תשבי 28, ,",1992,29/06/1992,,1,0,
40800130,לובטקין צביה 13,1979,08/04/1979,,0,2,
41280400,"רי""ז 40",1994,27/12/1994,,0,3,
41450090,"מח""ל 9, סרלין יוסף 5, אלנקווה 27, מח""ל 11, , , , ,",1988,19/04/1988,,1,1,
41450230,"גבירטיג מרדכי 1, מח""ל 23",1991,02/11/1991,,0,1,
41450510,"מח""ל 51",1993,01/10/1993,,0,1,
41450680,"ששת הימים 37, מח""ל 68, ששת הימים 33, מח""ל 64, ,",1983,04/01/1983,,0,0,
41450820,"מח""ל 82, צלילי חנינא 44, ליבנה אליעזר 2, צלילי חנינא 42, , , ,",1987,16/02/1987,,1,0,
41460050,"צוקרמן אנטק יצחק 30, ששת הימים 9, ששת הימים 5, צוקרמן אנטק יצחק 28, ,",1982,30/09/1982,,1,0,
41460120,"ששת הימים 12, קהילת ברזיל 1, סלע יעקב 2, קהילת ברזיל 3,",1990,31/01/1990,,0,2,
41460580,"סנפיר 3, ב' 58",1987,21/08/1987,,0,2,
41470240,"אלנקווה 24, אלנקווה 26",1978,04/06/1978,,0,1,
41470280,"אלנקווה 28, אלנקווה 32, רצאבי זכריה 13, רצאבי זכריה 15, ,",1979,19/07/1979,,0,0,
41470320,"אלנקווה 28, אלנקווה 32, רצאבי זכריה 13, רצאבי זכריה 15, ,",1978,23/06/1978,,0,3,
41470520,אלנקווה 52,1989,09/07/1989,,0,2,
41470541,אלנקווה 54 א,1989,24/02/1989,,0,2,
41470580,"4845 20, רי""ז 9, אלנקווה 58",1991,27/02/1991,,0,1,
41480140,צוקרמן אנטק יצחק 14,1989,30/11/1989,,1,0,
41690330,"ארבר מנחם 3, גרינבוים 33",1993,20/12/1993,0,,0,
41760250,"מעפילי אגוז 25, מעפילי אגוז 27, מעפילי אגוז 29, מעפילי אגוז 31, , , ,",1991,22/05/1991,,1,0,
41760910,מעפילי אגוז 91,1988,13/04/1988,,1,0,
41820040,"גולינקין מרדכי 4, נ""ה 6, גולינקין מרדכי 6",1989,08/03/1989,,1,0,
41970140,"הרצפלד אברהם 14, הרצפלד אברהם 16, הרצפלד אברהם 18",1988,29/03/1988,,1,1,
41990030,סלע יעקב 3,1989,10/12/1989,,0,3,
42050070,"מ""ח 11, מ""ח 17, מ""ח 7, בר-כוכבא משה (בריל) 7, ,",1991,11/06/1991,,0,0,
42050190,"בר-כוכבא משה (בריל) 21, בר-כוכבא משה (בריל) 23, בר-כוכבא משה (בריל) 19, בר-כוכבא משה (בריל) 25, ,",1982,05/12/1982,,0,0,
42180030,"רי""ז 3",1989,13/11/1989,,0,2,
42180050,"רי""ז 5",1989,19/06/1989,,0,2,
42180070,"רי""ז 7",1990,06/05/1990,,0,2,
42190020,"מח""ל 25, גבירטיג מרדכי 2",1989,18/04/1989,,0,1,
42190050,"גבירטיג מרדכי 5, גבירטיג מרדכי 5 א",1989,09/07/1989,,0,2,
42190070,גבירטיג מרדכי 7,1989,09/07/1989,,0,2,
42190080,גבירטיג מרדכי 8,1989,19/10/1989,,0,2,
42190100,גבירטיג מרדכי 10,1989,16/07/1989,,0,2,
42190120,גבירטיג מרדכי 12,1989,20/03/1989,,0,2,
42310040,"מרדור מוניה 4 א, מרדור מוניה 4",1995,21/06/1995,,0,1,
42330060,"אבידן שמעון 6, אבידן שמעון 6 א",1993,30/03/1993,,0,2,
42340010,לנר דן 1,1993,30/04/1993,,0,2,
42340060,"בן-סירה יעקב 2, לנר דן 6, אבידן שמעון 5, בן-סירה יעקב 4",1993,01/10/1993,,0,1,
48550010,"אסא קדמוני 7 ב, מהלל העדני 1",1994,27/12/1994,,0,0,
73080000,"הרברט סמואל 113, גורדון יהודה ליב 0",1992,03/08/1992,2,,1,
73140000,"הרברט סמואל 1, הרברט סמואל 3, אביב (הגולשים) 3",1994,27/10/1994,,0,1,